,,,,,,,THOUGHTS,,,,,FEELINGS,,,,,BEHAVIORS,,,,
Broad Domain 1,Broad Domain 2,Broad Domain 3,Hoos TC Title,Undergrad scenario body,Undergrad photo link,Undergrad photo name,Undergrad positive/adaptive THOUGHT,Undergrad positive/adaptive THOUGHT,Undergrad negative/maladaptive THOUGHT,Undergrad tolerating negative or resilience THOUGHT,Undergrad tolerating negative or resilience THOUGHT,Undergrad positive/adaptive FEELING,Undergrad positive/adaptive FEELING,Undergrad negative/maladaptive FEELING,Undergrad tolerating negative or resilience FEELING,Undergrad tolerating negative or resilience FEELING,Undergrad positive/adaptive BEHAVIOR,Undergrad positive/adaptive BEHAVIOR,Undergrad negative/maladaptive BEHAVIOR,Undergrad tolerating negative or resilience BEHAVIOR,Undergrad tolerating negative or resilience BEHAVIOR
Academics/Work/Career Development,,,Important Assignment,You have a midterm next week that's going to count for a lot of your grade. You haven't understood this unit's course material that well and you wonder how the test is going to go.,https://drive.google.com/file/d/10SQmYfVuHzcGYJjADi5bmTtG4gXr2V9x/view?usp=sharing,17.jpeg,This test will go well.,I can ask for help to study for this test.,My professor will think I'm dumb if I do not do well.,"I don't understand the material enough to ace this test, but I think I know enough to pass. ","I probably won't do very well in this course, but it's only one class, and my GPA will be okay. ",I feel excited to prove myself wrong.,I feel ready to get going with studying.,I am worried about taking this test and failing.,"I feel stupid for asking for help, but I'm probably not the only one who has questions.  ","I will feel disappointed in myself if I don't do well on this test, but that feeling will pass. ",I'll set aside time every day to study before the test.,I'll ask my friends in the class questions if I don't understand something.,I'll pretend to be sick on the day of the class so I don't have to take the test.,"I don't want to tell my parents about how difficult this class is, but decide to tell them anyways. ","I want to study for the test instead of going to sleep, but I realize it's important to rest too.  "
Academics/Work/Career Development,Mental Health,,Struggling with a Presentation,"During today's class, you have to present in front of your classmates and professor. You've been struggling to put this presentation together, but you haven't reached out to your professor about it yet. ",https://drive.google.com/file/d/1FcB5CvXNaJdV8qJE0nz1NN6MVKPtk2zJ/view?usp=sharing,74.jpeg,"I am a good student, and my professor will be able to tell. ",My classmates will think that I prepared well for the presentation,I'm going to fail the class if I mess up this presentation.,"I won't get an A in this class, but I don't need to have an A in every class to be successful.  ","My professor will think that my presentation needs improvements, and I'll be OK with that. ",I'm glad I have the self-awareness to know I need to talk to my professor soon.,I feel calm knowing that I tried my hardest no matter what my grade is.,I'm worried about what my professor will say about my presentation.,"I feel insecure about the quality of my presentation, but nothing that I do will be perfect. ","I'm uneasy right now, but I can take a deep breath to help myself feel calmer. ",I won't hide in my room after my presentation.,I'll ask my professor how to bring up my grade.,I'll skip this class tomorrow.,"I want to avoid working on the presentation, but I know that making some progress will help me feel accomplished. ","I want to ask my classmates how they thought I did, but it doesn't really matter what other people think.  "
Academics/Work/Career Development,Mental Health,,Struggling with a Presentation,"During today's presentation, you have to present in front of your classmates and professor. You've been struggling to put this presentation together, but you haven't reached out to your professor about it yet. ",https://drive.google.com/file/d/1FcB5CvXNaJdV8qJE0nz1NN6MVKPtk2zJ/view?usp=sharing,74.jpeg,This presentation will be a good opportunity for me to practice my public speaking skills.,My professor will be proud of me that I'm trying hard.,My classmates are going to be bored and talk to each other during my presentation.,"My professor will be disappointed by my efforts, but I can still feel proud of the work I put in.  ",,I feel happy that the presentation will be over with soon.,I feel better knowing that classmates are going through the same thing I am.,I am nervous that my professor will be let down by my progress.,"I feel embarrassed about asking my professor for help, but I admire my confidence for putting myself out there. ","I feel bad that I may not do as well on this assignment, but it's only one small part of my entire college career. ",I make a joke at the beginning of my presentation to break the ice.,I practice my presentation.,I'll blame my grade on my professor.,"I may feel upset and want to leave class, but I take a few breaths to calm myself down. ","I may want to give up, but decide to keep trying because I need to pass this class."
Social Situations,Academics/Work/Career Development,,Breaking Honor Code,"You're working on a homework assignment with a few friends and get stuck on a problem. Your friend suggests that you find the answer online, but that's considered cheating on the assignment. ",https://drive.google.com/file/d/1B57SioWgGt6lz74ETNjrgZJ9Uv80r3RX/view?usp=sharing,78.jpeg,I want to do this homework without cheating.,"If I cheat, I won't actually learn the material for the test. ",My friends are going to laugh at me for saying I don't want to cheat.,"My friends decide to cheat on the homework, but I can't control what other people do. ","My friends might not want to do homework with me again, but I'm proud of myself for doing the right thing. ",I'll be relieved when this homework is done.,I'm happier doing homework with my friends than when I'm alone.,I'm kind of frustrated that my friend says we should just cheat.,I'm anxious that my friends won't hang out with me any more if I don't do what they say.,"I'll be upset if I don't get a good grade on this homework, but I know I'm trying my best. ",I decide that I won't cheat on this homework.,I encourage my friends to work on the problem for a little bit longer.,I cheat to feel cool in front of my friends.,"I want to yell at my friends for suggesting that we cheat, but I tell them nicely that it's not a good idea instead.  ","I feel myself wanting to cheat, but know that I really value being honest and not cheating. "
Academics/Work/Career Development,Social Situations,,Breaking Honor Code,"You're working an assignment with a few friends and get stuck on a question. Your friend suggests that you find the answer online, but that's considered cheating. ",https://drive.google.com/file/d/1B57SioWgGt6lz74ETNjrgZJ9Uv80r3RX/view?usp=sharing,78.jpeg,I can figure out the answers all on my own.,I think that this will be better if I don't cheat and actually learn the material.,I'll get a bad grade if I don't cheat.,"I may not get the best grade on the assignment, but all I can do is try my best.","My grade might be lower if I answer questions incorrectly, but that is a part of learning and I can handle it. ",I'll feel so proud that I did the work on my own if I don't cheat.,I'll be pretty confident knowing I can do hard assignments next time.,I am upset at my friends wanting me to take the easy way out.,"I'm nervous about attempting to do this on my own, but even if it's hard I will be okay.","I feel embarrassed about not wanting to cheat, but even if my friends judge me, it will be okay. ",I suggest doing the problem without cheating.,I am enthusiastic about trying new ways to figure out the answer.,I cheat off of my friend's assignment.,"I kind of want to cheat so that this assignment is done, but I keep trying anyway. ","I am tempted to ask them what it said online, but decide not to. "
Social Situations,Academics/Work/Career Development,,Working in Groups,"Your professor tells your class that tomorrow you'll divide into small groups to discuss the book you're reading. She also says that you'll have to pick your group, but you realize you don't have any close friends in the class. ",https://drive.google.com/file/d/1Vju0QZFxz9YAnRwbq5VtaZUA8cAek959/view?usp=sharing,79.jpeg,I'll make good contributions to the group discussion.,People will be happy to work with me.,Everyone will pick their group before class and I won't be able to find a group.,"I'll end up in a group somehow and it will be fine, even if it's not my first choice.","I might make a comment that the group thinks is dumb, but they'll probably forget what I said after class. ",I'm excited to work with new classmates.,I'm curious if I'll make new friends.,I'm worried that I won't get into a good group.,"Right now I’m anxious about not knowing who will be in my group, but this probably won’t feel like such a big deal tomorrow.","I'm nervous about talking about this book with the other students, but the nerves won't stop me from speaking. ",I'll make sure that I understand what's going on in the book before tomorrow's class.,"During class, I'll do my best to include everyone in our group conversation. ",I'll pretend to be sick and just won't go to class.,"I'll want to skip class, but I'll go anyway and cope with feeling anxious. ","I'll ask others to be in their group, even if I really don't want to. "
Social Situations,Academics/Work/Career Development,,Working in Groups,"Your professor tells your class that tomorrow you'll divide into small groups to discuss the book you're reading. They also say that you'll have to pick your group, but you realize you don't have any close friends in the class. ",https://drive.google.com/file/d/1Vju0QZFxz9YAnRwbq5VtaZUA8cAek959/view?usp=sharing,79.jpeg,I'll find the right group for me.,There are lots of nice people in this class.,No one will want to be in my group.,"Everyone will decide they want to be with people they already know, but I understand that. ","People might disagree with my opinions on the book, but I think we'll still have an interesting discussion. ",I feel driven to put my best work in.,I am excited to make new friends.,I am nervous because I didn't understand part of the book.,"I feel sad that no one knows me that well, but feel better thinking they will like me once they get to know me better.","I am scared that my group will exclude me, but know that this discussion will only last for a few minutes. ",I will talk to people in class and ask to be in a group.,I'll express how excited I am to get to know everyone.,I'll go to the bathroom so that I don't have to ask anyone to be in their group.,"I want to work alone, but give the group a try. ","I want to stay quiet, but decide to contribute. "
Social Situations,,,Spilled Coffee,"You and your friends are meeting for coffee. You go to the cafe and get coffee, and accidentally spill your coffee down the front of your new white shirt.",https://drive.google.com/file/d/1ijt0ecisBDCbnP9iQ5cHp7WQlGPwmTpO/view?usp=sharing,80.jpeg,This has probably happened to a lot of people.,My friends will get a kick out of this.,I look clumsy in front of my friends.,"My friends are embarrassed by me, but they won't remember this for very long.  ","I ruined the shirt, but now I have a reason to buy a new one.",I feel lucky I didn't drop the whole coffee.,I'm confident that I will get the stain out.,I feel like a fool.,"I'm mad that I wasted my money, but know that I'll be ok. ","I'm embarrassed that I have this stain on my white shirt, but it's not a big deal. ",I laugh with my friends about my spill.,I clean up and keep talking to my friends.,I stay silent the rest of the time we're at the cafe.,"I want to go home, but stay at the cafe. ","I feel like crying, but take a deep breath. "
Social Situations,Family & Home Life,,Shattered glass,"You are at a quiet restaurant with a lot of your family members for dinner over break. While taking a drink of your water, you accidently drop the glass on the floor and it shatters.",https://drive.google.com/file/d/1huKsrt0vscJdYRLnIRD8v8_YgIjZl1Tm/view?usp=sharing,81.jpeg,I'm sure this isn't the first time this restaurant has had to deal with a brokern glass.,I think about how I will help clean this up.,I'm such a careless person.,"My clothes are soaking wet, but I can go to the bathroom and dry them off. ","The server is annoyed, but they will probably get over that feeling soon. ",I'm confident that the server will accept my apology.,I'm happy to be eating with my family.,I'm embarrassed that I drew attention to myself.,"I feel like I ruined the evening, but everyone will forget about the broken glass. ","I feel guilty about having broken a glass, but know that I didn't do it on purpose. ",I ask if I can help clean up.,I apologize to the wait staff and thank them for their help.,"When the server comes, I blame the spill on another family.  ","I want to cry, but take a deep breath and remind myself that this happens. ","I want to leave the restaurant, but stay and have a good time. "
Social Situations,Family & Home Life,,Shattered glass,"You are at a quiet restaurant with a lot of your family members for dinner. While taking a drink of your water, you accidently drop the glass on the floor and it shatters.",https://drive.google.com/file/d/1huKsrt0vscJdYRLnIRD8v8_YgIjZl1Tm/view?usp=sharing,81.jpeg,I think about how everyone sometimes has clumsy moments.,People in my family have dropped stuff at restaurants in the past.,My family must be embarrassed by me.,"The waiter will be irritated, but I'll apologize and offer to help clean up.","My family may be annoyed, but I can wait until they move on. ",I'm able to stay calm.,I'm happy that the waiter doesn't seem to mind that much.,I have a knot in my stomach after the whole restaurant looked at me.,"I'm embarrassed that I dropped the glass, but know that people drop things all of the time. ","I feel bad, but remind myself that I'll forget about this in a few days. ",I offer to leave extra money for the tip.,I offer to pick up more shifts at my job and come back another day with money to replace the glass.,I cry because I feel terrible.,"I want to never come back to the restaurant, but if my family wants to eat here again it will be okay.","I want to cry, but decide that would not be helpful. "
Social Situations,,,Halloween party,"You are invited to a Halloween party and you will only know a couple of people there. You decide to wear a really elaborate costume. When you arrive, everyone looks at you. ",https://drive.google.com/file/d/1t_00NWomSsqhPeinAZhZcyx6Fzcn3uZD/view?usp=sharing,82.jpeg,This is the best costume I've ever worn.,I'm enjoying wearing this.,The other people are judging me for wearing this costume.,"I really stand out, but I like the way I look. ","I think that I made a huge mistake by wearing this, but realize that it's OK to wear what I want. ",I'm excited to show off this costume.,I'm proud of myself for wearing something that I love.,I feel really awkward while everyone stares at me.,"I'm really anxious, but this feeling will pass. ","I'm worried that others are making fun of me, but if they are, that's their fault for judging me. ",I walk up to some friends and start a conversation.,I'll post a picture of myself in this costume because I look great.,I'll leave the party immediately.,"I want to change into something else, but decide to wear what I came in. ","I want to throw this costume away and never think of tonight again, but then remember that my friend complimented me earlier on it. "
Social Situations,,,Halloween party,"You are invited to a Halloween party and you will only know a couple of people there. You decide to wear a really elaborate costume. When you arrive, everyone looks at you. ",https://drive.google.com/file/d/1t_00NWomSsqhPeinAZhZcyx6Fzcn3uZD/view?usp=sharing,82.jpeg,I think this costume is fun.,Everyone will love this costume.,No one likes my costume.,"I may have worn something too crazy, but I like it. ","Maybe I should have toned it down, but know that this is true to myself. ",I feel happy wearing what I love.,I feel so liberated wearing something so fun.,I'm worried that others are making fun of me behind my back.,"I'm really embarrassed that I stand out so much, but honestly people will forget about it in a few minutes. ","I worry about what others are thinking, but realize that I'm allowed to wear what makes me happy.",I will smile and wear my outfit proudly.,I'll start dancing because there's great music on.,I want to go to the bathroom and try to tone down what I'm wearing.,"I want to start crying, but then remind myself I did a great job on this costume. ","I want to ask someone if my costume is too much, but decide not to ask for opinions. "
Social Situations,,,Using the restroom,"You are at a restaurant with some friends and go to use the restroom. When you come back to the table your friends are at, they stop their conversation and it's silent. ",https://drive.google.com/file/d/12Y4uqZNuPSg8HgswTCK3obdaz50gCnDn/view?usp=sharing,83.jpeg,I looked good in the mirror on my way out of the bathroom.,My hair looks great today.,I must look silly.,"You think they might have heard you going to the bathroom, but remind yourself that it isn’t a big deal. ","My friends might have been talking about me, but that doesn’t mean they were saying something bad. ",I'm so happy to be spending this time with this group.,I'm excited to hear what they were talking about.,I feel targeted because everyone is looking at me.,"I'm worried that they were talking about me, but I know they most likely were not. ","I'm anxious about what they were saying, but realize that they're probably quiet because I startled them. ",I'll make a joke with my friends.,I'll ask what they were talking about in a nice way.,I'll ask them defensively why they are so quiet.,"I want to go back into the bathroom forever, but know that talking to my friends will make me feel better about the whole situation. ","I want to leave immediately, but I'll go back to my friends and focus on enjoying the good parts of the dinner. "
Social Situations,,,Using the restroom,"You are at a restaurant with some friends and go to use the restroom. When you come back to the table your friends are at, they stop their conversation and it's silent. ",https://drive.google.com/file/d/12Y4uqZNuPSg8HgswTCK3obdaz50gCnDn/view?usp=sharing,83.jpeg,They didn't expect me to come back so soon.,Everyone must be noticing my new outfit.,Everyone is gossiping about me.,"I might have something on my outfit, but I can go back to the bathroom and clean it off.","They might have been having a good time without me, but that doesn't mean they don't enjoy being my friends. ",I'm thankful for the friends that I have.,I am interested in joining the conversation.,I feel defensive.,"I'm worried that they could hear me in the bathroom, but then remember that everyone uses the bathroom so it isn't a big deal.","I am uncomfortable being around them, but I know that these are my close friends and start to calm down. ",I'll smile at all of them.,I'll make a joke to break the ice.,I'll give them a weird look.,"I want to head home early, but decide to stay as long as everyone else. ","I'll want to text on my phone to avoid talking to them, but remain engaged with my friends. "
Physical Health,Academics/Work/Career Development,,Walking up stairs,"You are meeting with your professor. To make it on-time, you just walked up two flights of stairs quickly, and feel your heart beating very rapidly.",https://drive.google.com/file/d/1l0VcV571sh8CPMn2No5S-IgUUDRsgLq_/view?usp=sharing,84.jpeg,I am excited for the meeting.,I made it up those stairs really quickly.,Am I having a heart attack?,"It's scary to feel my heart beating fast, but I know that it will be over soon. ","My professor might notice how out of breath I am, and it's okay if they do. ",I'm happy I made the meeting on time.,I'm feeling excited now that my blood is pumping.,I'm worried that there's something really wrong with me.,"I feel embarrassed about being out of breath, but I'm able to focus on what my professor has to say. ","I'm worried that something's wrong with me, but I remind myself that it's normal to feel out of breath after walking up a bunch of stairs. ",I take a few deep breaths.,I take a few sips from my water bottle.,I start looking up symptoms of a heart attack online to see if I'm dying.,"I feel the urge to tell my professor that something's really wrong with me, but remind myself that I'm actually OK. ","I want to panic, but remind myself that my heart racing is just reaction to coming up the stairs quickly. "
Social Situations,Physical Health,,Giving a Presentation,"You have to give a presentation in your class today. When you stand up in front of the class, you feel your cheeks get hot and your hands start to tremble.",https://drive.google.com/file/d/1_2rE9XRzKQTqhk0TQjBqftLX-RvYtkqL/view?usp=sharing,58.jpeg,It's normal to feel a little warm when you're anxious about presenting.,I've done everything I can to prepare for this presentation.,Everyone will see that my hands are shaking.,"I want to sit back down, but decide to go forward with the presentation knowing my hard work will pay off. ","I want to cover my face, but know I can do this even if it's uncomfortable.",I'm relieved to know this topic well.,I'm happy with how much I've prepared for this presentation.,I'm worried that I'm going to pass out.,"I'm nervous that people can see my hands shaking, but it's probably not as noticeable to them as it feels to me.","I'm scared that my cheeks feeling hot means that I'm going to faint, but I will take a few deep breaths and remember this feeling will pass. ",I smile and start my presentation.,I speak with a strong voice.,I ask the professor if I can present another day.,"I want to go to the bathroom and splash my face with water, but decide to refocus on my surroundings to relax and power through. ","I consider pretending that I'm sick so I don't have to present, but challenge myself to give the presentation anyway. "
Physical Health,,,New grocery store,You're at a new grocery store and you're looking for bread. Suddenly you notice that your heart is beating quickly and pounding.,https://drive.google.com/file/d/1ZAftU_pXDRMyfkE86fy5U3rPg0tTi1hz/view?usp=sharing,85.jpeg,It's amazing how many different food options are at this grocery store.,My heart must be beating faster because I'm walking so quickly up and down the aisles.,I'm going to have a heart attack!,"Even if this feeling in my chest is really uncomfortable, I know it will go away soon. ","I wonder if there's something wrong with my heart, but I can get help and solve the problem if I need to. ",I'm excited to be in a new store.,I'm happy looking for my favorite foods in a new place.,I'm scared that my heart racing means something is really wrong.,"I'm worried about my heart, but then remind myself that it's going to be OK. ","I'm nervous about my health, but realize that my heart is probably beating because I'm excited to be somewhere new. ",I ask an employee where the bread is.,I notice the feeling in my chest and keep looking for the bread.,I freeze in place and start to panic.,I start to leave but turn around and tell myself I can handle it.,I feel uncomfortable but take a few slow breaths and keep shopping.
Physical Health,,,New grocery store,You're at a new grocery store and you're looking for bread. Suddenly you notice that your heart is beating quickly and pounding.,https://drive.google.com/file/d/1ZAftU_pXDRMyfkE86fy5U3rPg0tTi1hz/view?usp=sharing,85.jpeg,I like the challenge of finding my favorite foods at this new store.,I probably feel my heart beating because I'm excited to try this new store.,I must be having a panic attack!,"My heartbeat is distracting me, but I will focus on my grocery list to stay grounded. ","I wonder if I'm really sick, but I know this feeling won't last forever. ",I'm happy that I finally decided to come here.,I'm excited to see what this new grocery store has.,I'm terrified my heart pounding means something bad is happening.,"I'm scared about this feeling in my chest, but think about all the times my heart has pounded and I've wound up fine. ","I'm nervous about my heart, but remember that sometimes my heart beats quickly when I'm excited. ",I ask an employee to help me find the bread.,I keep walking down the aisles.,I take myself to the hospital immediately.,I consider leaving the store but decide it may calm me down to finish this task.,I don't like this feeling but I start looking for good sales.
Physical Health,,,Laughing at a joke,"A friend tells a funny joke and you start to laugh really hard. While you're laughing, you feel an uncomfortable tightness in your chest that you've never felt before.  ",https://drive.google.com/file/d/1K45MgxXqPYoGwF_Ck9c26oX8B4Q6Oafv/view?usp=sharing,86.jpeg,That must have been a really funny joke.,I have never laughed that hard at a joke my friend has told.,Something is wrong with me.,"This tightness is kind of scary, but I can enjoy laughing now and see if it still bothers me later. ","I really don't like this feeling, but I can tolerate it. ",I'm happy that my friends are so funny.,I'm so surprised by that joke!,I'm terrified by the tightness in my chest.,"I'm worried about the tightness in my chest, but I think it will go away soon. ","I'm anxious about this feeling in my chest, but I know it's just from laughing really hard. ",I take a deep breath and tell my friend that was a good joke.,I take a sip of water and continue the conversation.,I leave the room so people won't see me.,"Even though it's hard, I tell myself that this feeling will pass. ","I want to yell at my friend to be quiet, but I take a deep breath and decide not to. "
Physical Health,,,Laughing at a joke,"A friend tells a funny joke and you start to laugh really hard. While you're laughing, you feel an uncomfortable tightness in your chest that you've never felt before.  ",https://drive.google.com/file/d/1K45MgxXqPYoGwF_Ck9c26oX8B4Q6Oafv/view?usp=sharing,86.jpeg,My friend is hilarious.,That's the funniest joke I've ever heard.,I can't catch my breath!,"This tightness is really uncomfortable, but I know it's from laughing really hard. ","I wish this feeling in my chest would go away, but I can stand it until it does. ",I love it when my friends make me laugh.,I feel very connected to my friend.,I'm really scared about what this feeling means.,"I'm nervous about why my chest is tight, but then remind myself that this is normal.","I'm anxious that this feeling means something's wrong with me, but I know it's probably from laughing really hard. ",I take a nice slow breath and keep enjoying my time with friends.,I tell my friend that's the best joke I've ever heard.,I immediately start to look up online what this feeling means.,I tell myself that this tight feeling isn't serious.,"I want to leave, but remind myself that this tightness could be happening for many reasons, even just excitement about being with my friend. "
Social Situations,Romantic Relationships,,Meeting someone new,"You met a cute peer in one of your classes. After school, you notice that they started following you on social media.",https://drive.google.com/file/d/1PNlqc0Jg4bm9KOsakVSsKmJDaQwqLGrB/view?usp=sharing,87.jpeg,I think they want to get to know me.,They thought that my bio was clever.,They're probably making fun of my pictures.,"They might not like what I post, but at least I enjoy what I put on my profile.","They may want to just be my friend, and I'm okay with that. ",I feel flattered that they wanted to follow me.,I'm excited to look at their profile.,I feel insecure about them scrolling through my feed.,"I'm unsure about the reason they added me, but realize it is just because they wanted to. ","I feel worried about what they think of me, but know that I can deal with not knowing. ",I scroll through my profile and appreciate my posts.,I talk to my friends about how excited I am.,I unfollow the people that they might not like.,"I want to message them and ask about the add, but decide to not put much thought into it.","I want to go through and delete pictures my peer might judge, but I remember that I like the pictures I've posted on my profile."
Social Situations,,,Not a lot of likes,"You post something different from what you normally post on social media. After a couple of hours, you only have about half the number of likes on your post compared to what you normally have. ",https://drive.google.com/file/d/1828HR7oyHuDJpNFSn5JmLlYAZ24vA7x7/view?usp=sharing,88.jpeg,Everyone must be really busy.,I am impressed with my post.,I think everyone is tired of my posts.,"People might think my post is silly, but I decide to focus on the fun I had making it instead. ","Even if people weren't that interested in my post, I am still glad I shared it. ",I'm amused with my post.,I feel happy to be trying new things.,I feel totally exposed.,"I'm embarrassed that no one liked what I posted, but then remember that the number of likes I get doesn't really matter. ","I feel disappointed not many people liked my creative post, but they must just have different interests than me. ",I post another unique post the next day.,I don't let the number of likes get me down and go about my day.,I dwell on the post and sulk.,"At first I sit and check the number of likes, but then I decide to go out and enjoy the day. ","I want to delete my post, but leave it up because it doesn't really matter how many likes it gets. "
Social Situations,,,Not a lot of likes,"You post something different from what you normally post. After a couple of hours, you only have about half the number of likes on your post compared to what you normally have. ",https://drive.google.com/file/d/1828HR7oyHuDJpNFSn5JmLlYAZ24vA7x7/view?usp=sharing,88.jpeg,People must not be online right now.,My followers may be waiting to see what I post next.,People think my post is dumb.,"Others may not like my new post, but I do and that's what counts.","I probably won't get a lot of likes on this post, but I realize that likes don't really matter. ",I'm excited for people to see my post.,I feel good about my post.,I feel humiliated.,"I feel sad that I didn't get more likes, but am able to accept that. ","I want to delete the post, but I keep it up because I think it's a good photo.  ",I keep posting things I want to post.,I take a break from social media and do something I enjoy.,I get frustrated and take down my post.,"I want to ask my friends why they think I didn't get more likes, but decide to move on. ","I feel like taking down my account for a while, but keep it up instead. "
Mental Health,Social Situations,,Tagged in a photo,You and your friends took some pictures together. You look through your social media feed and see that they tagged you in a post. You don't like how you look in the picture.,https://drive.google.com/file/d/1KskrjJ1I6dTgmaaRpMZPdIRFbz5zu4od/view?usp=sharing,89.jpeg,My friends enjoy hanging out with me.,My friends have beautiful profiles.,People are going to make fun of how I look.,"I don't think I look good in the photo, but I probably look better to other people. ","People may not like the picture, but I feel good being appreciated by my friends. ",I'm happy with the memories we made.,I'm confident in my friendships.,I'm annoyed that this isn't a flattering picture of me.,"I feel angry at my friend, but know that they didn't know how I feel about the picture. ","I'm insecure about how I look in the picture, but that was only one moment in time. ",I like the picture.,I comment on the picture about how much fun we had.,I call my friend and yell at them.,"I want to have the picture removed, but decide to let my friend keep it up. ","I start to delete all pictures where I don't look great, but stop because keeping the memories is more important. "
Mental Health,Social Situations,,Tagged in a photo,You and your friends took some pictures together. You look through your social media feed and see that they tagged you in a post. You don't like how you look in the picture.,https://drive.google.com/file/d/1KskrjJ1I6dTgmaaRpMZPdIRFbz5zu4od/view?usp=sharing,89.jpeg,It's nice they posted a picture of all of us.,I don't think anyone will care how I look.,Other people will judge how I look in the picture.,"I don't think this is the best post, but it's just one picture and it's not a reflection of who I am as a person. ","I think that my friend could've posted a better picture, but I know they didn't really mean to put up a bad one of me. ",I feel happy it is a group photo.,I'm proud of the outfit in the picture.,I'm embarrassed by the face I'm making in the photo.,"I'm annoyed that such a bad photo of me was posted, but remind myself that this isn't the end of the world. ","I feel embarrassed everyone else looks better than me, but I try to feel glad about everyone looking happy in the picture.",I post a photo from a few weeks ago where I really like how I look.,I tell my friend it was a good idea to post a picture of everyone.,I leave a comment about how embarrassed I am.,"I want to pretend the picture doesn't exist, but decide to put a nice comment instead. ","I want to ask my friends if they think I look okay, but decide I look fine on my own."
Romantic Relationships,Social Situations,,No response,You've been talking to someone you really like on social media and they're usually quick to respond. You see that they opened your message a couple of hours ago and did not respond.,https://drive.google.com/file/d/1NvTM1g3vx1Kut8y_4vvBJo79qKHzUztk/view?usp=sharing,90.jpeg,They're just busy.,I am a nice person to talk to.,They must not like me.,"They may think I'm boring, but no one is interesting all the time. ","They may not like me as much as I like them, but I can move on to someone else.  ",I'm happy with who I am whether they respond or not.,I feel okay that they haven't responded.,I'm embarrassed that I put myself out there.,"I feel bad about not getting a quick reply, but remember I don't need to try and control the situation. ","I'm anxious that I haven't heard back, but realize that I don't need to hear back immediately about what I sent.",I keep going with my day.,I call a friend and ask them about their day.,I send a bunch of messages back to back to see if they respond.,"I want to ask if they like me, but decide to give it more time. ","I want to spend my day focused on my phone, but instead do hobbies I enjoy. "
Romantic Relationships,Social Situations,,No response,You've been talking to someone you really like on social media and they're usually quick to respond. You see that they opened your message a couple of hours ago and did not respond.,https://drive.google.com/file/d/1NvTM1g3vx1Kut8y_4vvBJo79qKHzUztk/view?usp=sharing,90.jpeg,They must have a lot to do today.,They'll get back to me when they have time.,They will never respond to me.,"Maybe I'm annoying them, but they also might just be busy.","If they like someone else and not me, I won't like it, but I'll move on from it. ",The anticipation of waiting to hear back feels exciting.,I feel happy with my ability to send fun messages.,I'm upset that they didn't respond immediately.,"I'm worried this has something to do with me, but realize this person has a lot of other things going on in their life. ","I'm sad that they didn't respond quickly, but know that I won't feel sad forever. ",I reach out to a friend.,I start working on other important things I want to do today.,I cancel my plans for the day.,"I want to remove them from my phone, but decide to give the situation some time and cool off. ","I want to send a bunch of messages to this person, but instead call a friend. "
Finances,Social Situations,,The birthday gift,Your friend is having a huge birthday party and most of the people in your group of friends will be there. You know you can't afford a gift for your friend.,https://drive.google.com/file/d/1FK97F0rS8LTIXbo5OdxVuIloeA1-jeHr/view?usp=sharing,91.jpeg,It'll be good to see lots of my friends.,My friend will be happy that I'm able to go.,My friend will be embarrassed to have me as a friend because I don't have a gift.,"My friend may be disappointed that I didn't bring a gift, but I'm still glad I came and showed I cared.","If people judge me for not bringing a gift, I'll still have a good time at the party. ",I feel happy to be around all of my friends.,I feel enthusiastic about sharing my good energy.,I feel guilty for not bringing a present.,"I feel terrible, but decide the party will go on.","I'm a little sick to my stomach thinking about not being able to afford a gift, but remind myself that my friend will understand.",I have fun dancing at the party.,I smile at all of my friends.,I try to sneak by my friend so they don't notice I don't have a gift when I walk in.,"I'm tempted to leave before the presents are opened, but remind myself that I'm actually having fun.","I want to skip the party so I don't have to think about not being able to afford the present, but decide to push myself to go anyway. I can make my friend happy by showing up for her."
Family & Home Life,,,Upset family,You are home for break and you notice your parents are upset with each other. They give you a short answer when you try to talk with them.,https://drive.google.com/file/d/1SBNnoHm2DQ-ao5gfMeK2UcbNpRXoO47f/view?usp=sharing,92.jpeg,I think about how it has nothing to do with me.,I think about doing something nice for them.,I ask myself if I did something wrong.,"I think I am the reason that they are fighting, but remind myself that they have a lot going on that doesn't have to do with me. ","I wonder if they're arguing over my grades, but then remember that it isn't my fault if they're not getting along.",I'm glad I am able to remove myself from the situation.,I feel confident that this will blow over fairly quickly.,I'm angry that they're always arguing.,"I'm sad that they're arguing a lot, but know that they are adults and they have to settle it themselves.","I feel anxious thinking about my parents not getting along, but remember that their relationship is not my responsibility.",I walk away.,I go do my work.,I yell at them to answer my question.,"I want to get in the middle of it and fix it for them, but decide to give them some space and let my feelings pass. ","I want to storm off, but walk away calmly. "
Family & Home Life,,,Upset family,You are home for break and you notice your parents are upset with each other. They give you a short answer when you try to talk with them.,https://drive.google.com/file/d/1SBNnoHm2DQ-ao5gfMeK2UcbNpRXoO47f/view?usp=sharing,92.jpeg,They'll be over this in a few days.,I think about how they will be in a better mood later.,I immediately blame myself for their fight.,"I think about what I could have done to prevent this, then remind myself that I can't control everything.","I think about how they might continue to get more upset, then I think about how they will calm down with time.",I feel calm even though they're a little upset.,I feel confident that they will work out their differences.,I'm anxious about the tension between them.,"I feel guilty, but realize that I did nothing wrong.","I feel sad knowing my parents had an argument, but I know that conflict is a part of healthy relationships.",I go for a walk to get some space from the situation.,I call my friends to catch up.,I tell them that they're being selfish.,"I want to force them to work it out right now, but go for a walk outside and remind myself that they'll be OK soon. ","I want to ask them if they're arguing because of me, but I decide I'm okay with not knowing the specifics. "
Social Situations,Academics/Work/Career Development,,Loud friend,"Your friend is dropping you off at an event for your new club. As they drop you off, they are really loud and everyone in there looks at you. ",https://drive.google.com/file/d/17cJiD1zpyqK4nBNN7ya1mfE9DQlKxJQm/view?usp=sharing,93.jpeg,I'm lucky to have a friend who helps me with transportation.,I'm looking forward to this event.,The people in my new club are going to judge me.,"My immediate thought is that the people at the event will hate me, but I remind myself that I don't judge my peers for what their friends do.","We interrupted a lot of people by making so much noise, but they are not likely to remember it or think about it afterward.",I'm excited about this event.,I'm eager to get to the event and meet new people.,I'm so embarrassed by my friend.,"I'm instantly feeling ashamed of my loud friend, but remind myself that I'm not responsible for what they do","I'm nervous about what the people at the event might say, but they seem really nice and accepting. ",I walk over to the event and start talking to people.,I put my phone away so I'll be more willing to talk to people.,I go to the bathroom to avoid talking to people.,"I want to avoid everyone around me, but remind myself that I'll have more fun if I try to meet new people.","I feel the urge to skip the event because I'm embarrassed, but I stay because being part of this club is more important. "
Social Situations,,,Loud friend,"A friend is dropping you off at class. As they drop you off, they are really loud and everyone on the sidewalk looks at you. ",https://drive.google.com/file/d/1jDatwDu8A0ycAjbu28oNvOiBJQLU-lnx/view?usp=sharing,94.jpeg,It was nice not to have to take the bus.,I think about the things we might learn in class today.,These people will think I'm a loser because my friend is annoying.,"A lot of people noticed the noise we made and may have been annoyed, but it was just for a moment and wasn't a big deal. ","Some people probably do think my friend is rude, but I can't control what my friend does or how people feel. ",I'm energized because this teacher usually makes class interesting.,I'm happy to have friends who are willing to help me out.,I'm ashamed that my friend is so loud.,"I'm really embarrassed, but remind myself that I can tolerate these feelings and they will pass quickly. ",I feel angry at my friend but remind myself that they are doing me a favor.,I start getting my books out for class.,I smile at my friend as I get out of the car.,I avoid making eye contact with people.,"I feel the urge to skip class, but push myself to face my fears and go to class. ","I want to keep apologizing to my classmates until I'm sure they're not mad, but I decide that one time is enough. "
Family & Home Life,Social Situations,,Strong opinions,"Your family members have some strong opinions and you don't always agree with them. One evening, you invite a friend over for dinner. ",https://drive.google.com/file/d/1KeHog1u5MnwSfzyD9yBj4oIlp2YAyHwf/view?usp=sharing,95.jpeg,I appreciate having different views than my family.,My friend will be interested in hearing what my family has to say.,My parents are going to say something that makes me upset.,"If my parents say something that I don't agree with, my friend and I can always talk about it later. ","If my friend doesn't agree with my parents' point of view, they'll still want to be friends with me.",I'm calm sitting at dinner with my parents and my friend.,I'm excited to watch a movie with my friend after we eat.,I'm anxious about what my parents might say.,"I'm worried that my parents will say something that will make my friend dislike me, but I am more confident in the strength of our friendship. ","I'm embarrassed that my parents have such a different point of view than me, but remind myself that everyone has different beliefs.",I remind myself that everyone has different opinions.,I listen to my friend while they talk to my parents.,I zone out and stop paying attention to what people are saying.,"I want to think of something else as everyone talks, but remind myself that I can handle my feelings and tune back into the conversation.","I want to change the topic so we can talk about something less serious, but I let go of trying to control the conversation."
Social Situations,Family & Home Life,,Strong opinions,"Your roommates have some strong opinions and you don't always agree with them. One evening, you invite a friend over for dinner and sense some possible tension. ",https://drive.google.com/file/d/1KeHog1u5MnwSfzyD9yBj4oIlp2YAyHwf/view?usp=sharing,95.jpeg,We will be able to discuss the different opinions thoughtfully.,My friend will be my friend no matter what my roommates think.,My rommates will say something that makes my friend hate me.,"Even if my roommates say something that's upsetting, my friend and I can talk about it later.","If my roommates say things that I don't agree with, they're still my roommates and I love living with them. ",I'm happy to have my friend over for dinner.,I'm calm as we sit and eat dinner together.,I'm worried that my roommates will say something embarrassing.,"I'm scared that my roommates will say something offensive, but know that what they say is not a reflection on me. ","I'm concerned that my friend will judge me for what my roomates think, but am still happy we can get together and talk about it. ",I smile as my friend and my roommates talk.,I practice listening closely with an open mind.,I snap at my roommates and tell them to be quiet.,"I start to tell my roommates not to say anything embarrassing in front of my friend, but take a deep breath instead. ","I start a text to cancel the dinner, but remind myself that I really want my friend and roommates to get to know each other."
Family & Home Life,Mental Health,,Missing spider,"As you're getting into the shower, you see a huge spider on the wall. You turn away for a second and look back and realize it's gone. ",https://drive.google.com/file/d/1EUMVkI6asoBt7l80JfW7XQ4KWT27fZDe/view?usp=sharing,96.jpeg,I'm glad it's gone.,I think it went back to it's home.,It's going to crawl on me!,"I think about how it could bite me, but remember it is probably trying to avoid me and the water.","I think about how it could be venomous, but realize the chances of that are slim. ",I'm curious where it went.,I'm calm as I get into the shower.,I'm scared the spider will show up when I least expect it.,"I'm anxious about getting into the shower, but know I can overcome my fear. ","I'm grossed out, but remind myself that the spider probably can't hurt me. ",I decide to turn the water on.,I start to play some music.,I scream and run away.,"I want to call someone to help me find the spider, but decide to just take my shower. ","I want to spray bug spray everywhere, but decide to continue my shower routine since spray might do more harm than the spider."
Mental Health,Family & Home Life,,Turned off appliances,You and your roommates are heading out of town for a few days and your roommate asks you to double-check that all the appliances in your house are turned off before you leave. You had to rush to pack so didn't get to check everything.,https://drive.google.com/file/d/1AaGI8KuAaJfPPgwkXSBsNDbxRKhSAluM/view?usp=sharing,97.jpeg,I think about all the fun things my roommate and I will do on our trip.,I think about how I noticed everything was turned off during the first check.,I think about all of the horrible things that could happen in the house.,"Even if I'm not 100% certain that the appliances are off, I can live with that. ","Even though I didn't get to fully check a second time before we all left, I remember that I have never left the appliances on when leaving the house before. ",I feel confident everything was shut off.,I feel excited about the trip.,I'm worried that an appliance was left on.,"I feel scared that I missed something, and then gently focus on what's going on in the car. ","I feel guilty about not checking everything again, but I remind myself that checking once was enough.",I start planning some activities we can do on our trip.,I focus on the conversation happening with my friends.,I go back to the house to make sure I turned everything off.,"I want to go back and check, but know that will make my anxiety worse in the future.","I want to cry thinking about how anxious I feel, but I know that this feeling won't last forever. "
Mental Health,Family & Home Life,,Turned off appliances,You and your roommates are heading out of town for a few days and your roommate asks you to double-check that all the appliances in your house are turned off before you leave. You had to rush to pack so didn't get to check everything.,https://drive.google.com/file/d/1AaGI8KuAaJfPPgwkXSBsNDbxRKhSAluM/view?usp=sharing,97.jpeg,I think about how everything is fine.,I think about how excited I am for our trip.,I think about how something bad may happen because I didn't get to check the appliances properly.,"I worry that having thoughts about terrible things happening will make them more likely to occur, but I remind myself that isn't true.","It's possible that an appliance could start a fire, but pretty unlikely. Even if it did happen, our fire alarm would alert the neighbors. ",I am satisfied that I checked the appliances that I could on my way out.,I feel calm now that I'm in the car and on my way out of town with my roommates.,I'm scared that our house is going to burn down.,"I'm miserable worrying about whether everything is off, but remind myself to focus on the present and take a deep breath.","I feel worried about the house burning down, but know that I can tolerate this feeling and it will pass. ",I talk to my friends about what we're going to do on our trip.,I'll remember that I don't have to check all of the appliances multiple times before we leave.,I focus on everything that could go wrong because I didn't have time to check.,"I want to ask my roommates whether they think all of the appliances are off, but I decide to talk about the parts of the trip I'm looking forward to instead.       ","I want to be upset about the situation, but decide to chat with my roommates. "
Family & Home Life,,,Babysitting,You are babysitting a kid in your neighborhood and you're watching TV while they sleep. It's dark outside and you suddenly hear noises against the window.,https://drive.google.com/file/d/11Vs9sz9BDAkaj5QCxD927t-mz-VTFWXn/view?usp=sharing,98.jpeg,I think it must be the wind.,I think about how there are lots of animals outside at this time.,I think about how someone could be trying to break in.,"Even though my brain automatically goes to the worst case scenario, I remind myself that I'm probably safe.","I notice that I’m assuming the worst is going to happen, and that is not actually very likely to happen.",I'm excited to make money while I'm babysitting.,I'm tired and am looking forward to going to bed.,I feel scared that I don't know what made that noise.,"I feel terrified, but realize my brain is being very imaginative.","I'm worried about what's outside, but remind myself that it was probably the wind.",I pull out a new book and start reading.,I make some popcorn and turn on the TV.,I call the family to come home immediately.,"I want to leave the house, but decide to stay. ","I want to wake up the child and ask if they hear anything, but instead let my anxiety pass. "
Family & Home Life,,,Babysitting,You are babysitting a kid in your neighborhood and you're watching TV while they sleep. It's dark outside and you suddenly hear noises against the window.,https://drive.google.com/file/d/11Vs9sz9BDAkaj5QCxD927t-mz-VTFWXn/view?usp=sharing,98.jpeg,There are lots of noises at night.,It is quieter at night so it's easier to hear lots of things.,I wonder if I'm in danger.,"My brain immediately thinks that there's something dangerous outside, but I remind myself that I'm probably safe. ","I picture something trying to get me, but then tell myself that it was most likely the wind on the window. ",I'm curious what I'll buy myself after I get paid for babysitting.,I'm happy that my favorite show is on TV.,I feel worried that something is looking into the window.,"It makes sense that I was scared at first, but remind myself that I'm probably safe.","My heart is beating a little faster than it was before I heard the noise, but know that it'll go back to normal soon. ",I put on a funny movie.,I decide to play some of my favorite music.,I call my roommates and start crying.,"I feel the urge to cover myself with a blanket, but tell myself that it was probably nothing outside.","I want to call the parents to have them come home soon, but tell myself that I can face my fear and that the anxiety will go away."
Physical Health,Mental Health,,Snakes in the park,Your friend convinces you to go on a walk through a local park. You have heard that there are poisonous snakes in that park.,https://drive.google.com/file/d/1rfdNbyue77FhReHqNOVYVUC1cUTvMa-9/view?usp=sharing,99.jpeg,I'm looking forward to talking to my friend.,It'll be nice to walk in the park.,I'm going to get bitten by a snake!,"Even though I've heard there might be snakes in the park, I think it's unlikely that I will see one. ","I'm really not looking forward to going into the park that might have snakes, but I know that I can tolerate my feelings of anxiety.",I'm happy my friend asked me to go on a walk.,I'm calm thinking about going to the park.,I'm terrified that something bad is going to happen to me.,"I'm anxious about getting bitten, but remind myself that's the worst case scenario and it probably won't happen.","I'm worried about what we'll see in the park, but know that I can handle feeling a little worried.",I tell my friend I'm ready to go.,I put on a jacket and go outside.,I call my friend and say that I'm busy all of a sudden.,"I want to tell my friend that I can't go, but push myself to go into the park anyway. ","I think about telling my friend that we should go on a walk somewhere else, but decide that it'll be OK if we walk in the park."
Physical Health,Mental Health,,Snakes in the park,Your friend convinces you to go on a walk through a local park. You have heard that there are poisonous snakes in that park.,https://drive.google.com/file/d/1rfdNbyue77FhReHqNOVYVUC1cUTvMa-9/view?usp=sharing,99.jpeg,The weather is really nice.,I like talking to this friend.,I'm going to die if a snake bites me.,"Even though it makes me uncomfortable thinking about snakes in the park, I know that I can go into the park anyway. ","I think about telling my friend that I've changed my mind, but go with them anyway. ",I'm excited to catch up with my friend.,I'm eager to tell my friend about what happened in class today.,I'm so worried about whether I will see a snake.,"I'm scared to go into the park, but then realize I've never heard of someone getting bitten in that park. ","I'm anxious thinking about a snake biting me, but know that I'll be OK on this walk.",I put on my shoes and head out the door.,I meet my friend at the park entrance.,I tell my friend that I'm not feeling well and that I can't go.,"I want to avoid going to the park, but challenge myself to go. ","I consider bailing on my friend, but push myself to go on the walk anyway. "
Academics/Work/Career Development,Social Situations,,Answering a question,Your English professor calls on you to answer a question about the book you just read. You say your best answer and your peers are quiet.,https://drive.google.com/file/d/1peJsSeWbW75_7SXUaFUQcsUBkEkp3q7I/view?usp=sharing,25.jpeg,My answer was thoughtful.,It was nice to be able to share what I think about the book.,My classmates are judging my wrong answer.,"My answer sounded dumb because I didn't understand the book, but no one will remember tomorrow.","I didn't communicate my point as well as I would have liked this time, but I know I'll have more opportunities to speak in class in the future.",I'm glad my teacher gave me the opportunity to share my answer.,I'm satisfied with how I phrased my answer.,I was scared while answering.,"I'm disappointed in myself because I couldn't say what I wanted to say, but I think my teacher understood my point. ","I was really anxious while I was answering, but was able to manage my feelings.",I smile and sit back.,I'll review my notes from this book before my test.,I won't answer again in class.,"I feel like I should crack a joke so my friends forget about my answer, but don't.","I want to cry, but I take a moment to calm down and focus on the teacher's next question. "
Academics/Work/Career Development,Social Situations,,Answering a question,Your English teacher calls on you to answer a question about the book you just read. You say your best answer and your peers are quiet.,https://drive.google.com/file/d/1peJsSeWbW75_7SXUaFUQcsUBkEkp3q7I/view?usp=sharing,25.jpeg,My answer was intelligent.,I'm happy I could speak up in class.,Everyone thinks my answer is wrong.,"My answer may not have been correct, but that is okay. ","What I said wasn't perfect, but my peers probably didn't take note of it. ",I am happy the other students can hear my answer.,I am feeling smart about how I navigated the question.,I felt self conscious while answering.,"I am embarrassed that my answer sounded wrong, but everyone has moments like that. ","I was sad that I couldn't provide a better answer, but there is always next time. ",I take notes on my teacher's comments after my answer.,I relax after saying my answer.,I leave the class and go to the bathroom to avoid the other students.,"I want to apologize for my poor answer, but do not.","I want to cover my face, but decide to look at the teacher. "
Academics/Work/Career Development,,,Trying your best,You have an exam next week that's going to count for a lot of your grade in that class. You haven't understood this unit's course material that well and you wonder how the test is going to go.,https://drive.google.com/file/d/10SQmYfVuHzcGYJjADi5bmTtG4gXr2V9x/view?usp=sharing,17.jpeg,I'm a good student.,I'll do my best on my exam next week.,I'm dumb for not understanding this material.,"My grade on this exam probably won't be the best, but I bet if I study really hard I can learn some of the material.","Even if I do poorly on one test, that doesn't mean I'll fail the class. ",I'm confident that I can study really hard for the test.,I feel good about how I've done well in the class so far.,I'm scared to take the test.,"I'm embarrassed to ask for help, but that feeling will pass. ","I'm nervous for my test next week, but I'll be able to handle it. ",I'll ask questions in class when I don't understand something this week.,I'll ask my professor for help this week.,I'll avoid studying for the test when I feel anxious.,"I want to avoid asking for help, but I reach out to my teacher anyway. ","I really don't want to make flash cards, but I will anyway because I know it'll be helpful for the test. "
Social Situations,,,Sitting on the bus,You are sitting on the bus and see your friend get on. They walk past you and sit with another friend.,https://drive.google.com/file/d/1jV1VtMwZ0-4W-NqPIDF35GXXbAIeBiM8/view?usp=sharing,100.jpeg,I'm able to sit here alone for the rest of the ride.,My friend probably had something to talk about with the other friend.,My friend walked past me on purpose.,"It feels like my friend is mad at me, but they would have said something. ","I really don't like sitting alone, but I know I can handle this short bus ride. ",I'm excited to see my other friends in class today.,I'm glad that this is a short bus ride.,I'm annoyed with my friend right now.,"I'm scared that people will judge me, but I remember that lots of people ride the bus alone.","I am anxious about why my friend walked past me, but I can ask them about it later.",I call out to my friend and smile.,I pull out a book and read until I get to my stop.,I start to cry.,"I'll want to ignore my friend the rest of the day, but I decide to talk to them instead.","I want to put my head between my knees and disappear, but I take a deep breath and smile. "
Social Situations,,,Sitting on the bus,You are sitting on the bus and see your friend get on. They walk past you and sit with another friend.,https://drive.google.com/file/d/1jV1VtMwZ0-4W-NqPIDF35GXXbAIeBiM8/view?usp=sharing,100.jpeg,I think about how I enjoy spending time by myself during my commute.,Maybe they haven't had a chance to catch up in a while.,My friend doesn't consider me their friend.,"I feel left out, but I know there are times that not everyone can be included. ","I would rather have my friend next to me on this bus ride, but that's not always possible. ",I am courageous for sitting on my own.,I am happy that my friends are happy.,I feel mad at my friend for not sitting with me.,"I am annoyed that my friend doesn't want to sit with me, but I know that this situation will pass.","I am upset thinking that my friend is mad at me, but I know I should not assume the worst.",I say hello to my friend as they pass.,I start to journal in my notebook.,I get flustered and move further away from my friend.,"I want to get mad and bring up the subject as soon as we get off of the bus, but I know that isn't right so I give my friend some time. ","I want to talk about this with my other friends, but decide to keep this to myself. "
Social Situations,,,Spilled slushie,"You and your friends are out getting dinner. Your food and drinks arrive, and you accidentally spill your drink down the front of your new white shirt.",https://drive.google.com/file/d/16jJWf3eLYQiWH3-6BkyLghQMMaNLxJay/view?usp=sharing,101.jpeg,I think about how this is a common accident.,I think about how it will be a funny story.,I think I will look silly in front of everyone.,"I feel like I'm annoying to my friends right now, but they will understand that accidents happen.","I feel like I'm causing a scene, but the other people here don't know me or care about this situation. ",I'm feeling silly and decide to chuckle about it.,I'm glad that this is an old shirt.,I feel embarrassed and it's making me want to leave the mall.,"I'm so annoyed with myself, but am able to get past this feeling. ","I'm self-conscious with this stain, but no one else will care. ","I wipe up the drink, smile, and keep eating with my friends. ",I laugh and order another drink.,I feel like crying and leave the restaurant.,"I want to leave immediately, but know that I'll forget about the stain soon. ","I want to throw away the food and leave, but I clean up and keep eating. "
Physical Health,Social Situations,,Saying hi to friends,"You are outside on a cool day and see your friends down the street. You decide to jog over to say hi. When you get to your friends, you feel out of breath.",https://drive.google.com/file/d/1Ov4_xFiqnjvKNN5Un7xhg3L3BWieCiaz/view?usp=sharing,102.jpeg,It is a nice day for a jog.,It's great to see my friends.,I feel like I'm going to die.,"I think I'm being judged by my friends for being out of breath, but they probably don't even notice. ","The tightness in my chest is really uncomfortable, but I know it'll go away soon. ",I feel happy to see my friends.,I feel invigorated.,I'm worried I'm really sick because of the tightness in my chest.,"Even though it's uncomfortable to feel out of breath, I know it's normal to feel this way after running. ","Feeling out of breath reminds me of how I feel when I'm a little anxious, which is interesting to notice. ",I smile when I see my friends.,I ask how my friends are doing after I catch my breath.,I tell my friends that I can't breathe and I need help.,"I want to sit on the ground and avoid talking until I recover, but I acknowledge my feelings and catch my breath. ","I think about calling my parent to make sure I'm not dying, but I know that I'm actually ok. "
Physical Health,Social Situations,,Saying hi to friends,"You are outside on a cool day and see your friends down the street. You decide to jog over to say hi. When you get to your friends, you feel out of breath.",https://drive.google.com/file/d/1Ov4_xFiqnjvKNN5Un7xhg3L3BWieCiaz/view?usp=sharing,102.jpeg,I am able to keep a good pace on this jog.,It is so beautiful out today.,My friends will think I'm out of shape because I need to catch my breath.,"I feel like I'm going to die from being out of breath, but I know I won't. ","My friends might judge me for gasping a little when I get to them, but they probably won't. ",I'm really excited to see these friends who I haven't seen in a while.,I'm happy to be able to stretch out my legs.,I'm embarrassed that I have to catch my breath when I see my friends.,"I'm worried that I'm sick because of this feeling in my chest, but realistically I know I'm fine and it was just the jog. ","Even though I'm feeling miserable, I know this feeling will pass. ",I take a second to catch my breath when I get to my friends.,I crack a joke when I see my friends.,I try to cover up that my breathing is heavy.,"I want to go see a doctor because I'm worried about how tight my chest is, but know that this feeling is normal after a quick jog. ","I want to walk away quickly from my friends so they don't see how out of breath I am, but I know that this is normal and they won't judge me. "
Physical Health,,,Walking up stairs,"You are meeting with your professor. To make it on-time, you just walked up two flights of stairs quickly, and feel your heart beating very rapidly.",https://drive.google.com/file/d/1UaMY72ruqnun425RYF8wTmUS8luyG_f0/view?usp=sharing,103.jpeg,I am happy to be on time.,That was an impressive mini workout!,I'm so out of shape.,"I want to think about how this could be the sign of an underlying condition, but it's probably just from the stairs. ","I think about my heartbeat, and decide that is normal for how fast I was just going. ",I'm proud of myself for making myself a little uncomfortable.,I'm glad that I was able to make it up the stairs so quickly.,I'm panicking that I'm going to die.,"Although I am worried about my health, I decide to focus on the moment with my professor. ","I want to feel concerned about this situation, but shift my attention to the meeting. ",I smile at the professor once I make it to the meeting.,I breathe deeply and focus on calming myself.,I ask my professor if I could be having a heart attack.,"I feel the urge to look up my symptoms online, but remind myself that feeling this way is normal after going up a lot of stairs. ",I remind myself to take a few slow breaths to recenter my thoughts after I feel the urge to cry.
Social Situations,,,Hanging out without you,"You are looking through your social media and see a number of your friends have posted to their stories. As you look through their photos, you realize that a few of your close friends were all hanging out without you. ",https://drive.google.com/file/d/1xJHDDEq_Pcuyo7r3BJ3CX-cr5YI7YkrO/view?usp=sharing,104.jpeg,The picture looks nice.,It seems like they are having a fun time.,I wonder if I wasn't invited because they think I'm boring.,"I wish I had been invited, but we'll all hang out together soon.","I wonder if my friends actually don't like me, but then challenge myself to think of times when we've all had fun together. ",I feel happy they are all together.,I feel excited to hear about the fun that they had.,I feel embarrassed that I wasn't invited.,"I'm sad that they didn't invite me, but then tell myself that they probably didn't intend for it to be mean.  ","I'm worried that I've lost all of my friends, but then remind myself that's not realistic. ",I post a nice comment on the picture.,I message my friend and let them know I would love to hang out with them next time.,I decide to block my friends' accounts.,"I really want to ask my friends why I wasn't invited, but decide that I don't need to ask. ","I want to cry, but remind myself that I've hung out with some of those friends without everyone there. "
Social Situations,,,Hanging out without you,"You are looking through your social media and see a number of your friends have posted to their stories. As you look through their photos, you realize that a few of your close friends were all hanging out without you. ",https://drive.google.com/file/d/1xJHDDEq_Pcuyo7r3BJ3CX-cr5YI7YkrO/view?usp=sharing,104.jpeg,My friends look really happy.,I think about all the wonderful times I've spent with my friends.,I think they meant to leave me out of the gathering.,"I wonder if I was excluded intentionally, but I remember that I've spent time with friends without everyone there too.","My friends must not actually like me. But, I know that's not the case; we have a lot of fun together. ",I'm calm hearing about what they did.,I'm glad that I have such cool friends.,I'm sad that they forgot about me.,"I worry that they left me out on purpose, but remember all of the times I have been included. ","I'm feeling sad, but decide to think of the good times I have had with my friends.",I text my friends to say hi.,I'll ask my friends to hang out later this week.,I cry and think about other times I've been excluded.,"I want to ignore them for not inviting me, but remind myself that would be childish. ","I want to gossip about how awful it was that I wasn't invited, but decide that would not be helpful. "
Romantic Relationships,,,Attractive person on social media,"You met a cute peer in one of your classes. After class, you notice that they started following you on social media.",https://drive.google.com/file/d/1PNlqc0Jg4bm9KOsakVSsKmJDaQwqLGrB/view?usp=sharing,87.jpeg,They must have liked my profile and decided to follow me.,I think about how they may want to be friends.,I wonder if they thought my posts were dumb.,"I think about whether they think my photos are silly, but then remind myself that I'm proud of my profile. ","I wonder if they think I am attractive, but remind myself that looks aren't everything. ",I feel happy that they followed me.,I feel excited I have a new friend.,I worry that they might unfollow me.,"I feel embarrassed by some pictures I have up, but decide to feel confident about them. ","I feel shy about them adding me, but decide to be excited about the add.",I comment on their photo.,I tell my friend about how someone new added me.,I delete all of the pictures that might be embarrassing.,"I want to deactivate my account, but decide to keep it up. ","I want to change some of my pictures, but keep them the same. "
Academics/Work/Career Development,Family & Home Life,,Balancing responsibilities,"Your dorm room is a mess and needs to be cleaned, and you also have a big project that's due tomorrow. Both have to get done, and you think about how you'll handle it all. ",https://drive.google.com/file/d/1I4HOF2-6lL6iKdgXECEzDily8_OIvcnT/view?usp=sharing,105.jpeg,I can manage both tasks.,I think this will help me organize thoughtfully in the future.,I don't think I can manage all of these tasks.,"I hate feeling like I have so much to do, but I'll do my best to get it all done. ","I think this is too much work, but consider how nice it will feel when it is all done.",I'm excited to listen to my favorite artist while I do my chores.,I'm calm as I prioritize my cleaning and school work.,I'm anxious about being able to get everything done.,"Although I feel overwhelmed, I try and feel grateful for being in school and for the dorm that I live in.","I feel upset about all I have to do, but I imagine how it will feel to have it all accomplished. ",I get started on the cleaning.,I start on the school project first.,I sit and do nothing.,"I just want to be lazy and take a nap, but decide to start with one task. ","I want to avoid all of the tasks, but decide to make a schedule to help organize my time. "
Academics/Work/Career Development,Family & Home Life,,Balancing responsibilities,"Your dorm room is a mess and needs to be cleaned, and you also have a big project that's due tomorrow. Both have to get done, and you think about how you'll handle it all. ",https://drive.google.com/file/d/1I4HOF2-6lL6iKdgXECEzDily8_OIvcnT/view?usp=sharing,105.jpeg,I think about how great it is to be busy.,I'm able to balance a lot.,I'm not going to be able to do all of this tonight.,"It feels overwhelming having so much to do, but I can take it one thing at a time. ","I don't know how I'm going to fit all of this in tonight, but I can make a plan. ",I'm calm as I figure out how to get everything done tonight.,I'm excited to discover new music while I'm cleaning my dorm room.,My stomach is in knots because I don't know if I'll get my work done.,"I feel like I want to do nothing, but know that it will feel so great to have these tasks accomplished. ","I feel frustrated with the time crunch, but know that once I get started it will all start to flow. ",I outline a schedule for me to follow.,I eat a snack and then get cleaning my dorm first.,I complain about how much I have to do.,"I sit back and start to avoid both cleaning and my project, but decide to do the right thing and get up to start the first task.","I procrastinate by calling a friend, but decide to start cleaning afterward. "
Social Situations,Finances,,The birthday gift,Your friend is having a huge birthday party and most of the people in your friend group will be there. You know you can't afford a gift for your friend.,https://drive.google.com/file/d/1FK97F0rS8LTIXbo5OdxVuIloeA1-jeHr/view?usp=sharing,91.jpeg,I think my friend will be happy to see me.,I'm looking forward to celebrating with friends.,My friend will notice that I'm not able to bring a gift.,"I think I am a bad friend, but know showing up is what counts. ","I assume everyone brought a gift, but I don't actually know if that's true.",I feel grateful to be invited.,I feel excited to get the party started.,I feel sad that I didn't bring a gift.,"I feel ashamed, but decide that material things are not as important as friendship. ","I feel guilty about coming empty-handed, but remind myself that my friend probably won't notice. ",I stay at the party.,I walk in and hug my friend.,I decide to stay for an hour and leave.,"I want to leave before the presents are opened, but decide to stay. ","I think about lying that I forgot the gift at home, but remember that I should always tell the truth."
Family & Home Life,Physical Health,,Aging family member,You go to your grandparents' home for the first time in a while and notice that your grandfather looks a lot less healthy than you remember. No one in your family mentions it.,https://drive.google.com/file/d/1--Dsh79NQFoIe97rn3Clv7DVEK8PAaTM/view?usp=sharing,106.jpeg,I want to make the most of my time with my grandfather.,He's happy to see me.,My grandfather must be dying.,"I think about how miserable I will be when he passes away, but then remind myself to enjoy my time with him today. ","My family must be keeping a secret about his health, but then tell myself that everyone ages. ",I feel happy to see my grandfather.,I feel excited to catch him up on all the new things that are going on in my life.,I'm worried about how he looks.,"I'm scared to lose him, but know that I can handle grief. ","I feel anxious about his health, but tolerate the anxiety. ",I decide to give him a big hug and smile.,I make a funny joke to get my grandparents laughing.,I don't speak to my family because they didn't tell me he was sick.,"I want to leave and cry, but decide to stay with the family and engage in conversation. ",I notice my sadness but gently ask my grandfather how he's doing and accept any answer he gives me.
Family & Home Life,Physical Health,,Aging family member,You go to your grandparents' home for the first time in a while and notice that your grandfather looks a lot less healthy than you remember. No one in your family mentions it.,https://drive.google.com/file/d/1--Dsh79NQFoIe97rn3Clv7DVEK8PAaTM/view?usp=sharing,106.jpeg,He looks so happy to be with family.,My grandfather is glad that I'm visiting.,He's probably going to pass away soon.,"I wonder what is going on with his health, but reassure myself that my family takes care of him. ","I think about whether my family is keeping something from me, but tell myself that I can't control my grandfather's health. ",I am grateful to be able to spend time with my grandfather.,I feel thrilled that my grandfather is engaging in conversation.,I'm uneasy about my grandfather's appearance.,"I start to feel angry about how he is getting older, but know that this is a part of life and I cannot change it. ","I feel anxious and start to overthink what could be wrong, but remember I can't control his health.",I start to make conversation with my family.,I laugh at something silly my grandfather said.,I avoid thinking about his health.,"I want to question the family on his health, but decide to enjoy the gathering. ","I feel the urge to ask about his health, but take a deep breath and listen to what my family is talking about now knowing that there's a reason they haven't told me anything. "
Family & Home Life,Mental Health,,Missing spider,"As you're getting into the shower, you see a huge spider on the wall. You turn away for a second and look back and realize it's gone. ",https://drive.google.com/file/d/1EUMVkI6asoBt7l80JfW7XQ4KWT27fZDe/view?usp=sharing,96.jpeg,The spider's movements are really interesting.,The spider isn't going to hurt me.,It's going to jump on me!,"I think about all of the places the spider could be, but I can't control what it's doing.","I think about how scary the spider looked, but also how small it really was. ",I'm going to feel so refreshed after this shower.,I'm grateful the spider is here to eat other bugs in my house.,I feel worried about where the spider may crawl next.,"I'm nervous about the spider, but remind myself that it probably is more scared of me.","I feel freaked out, but know that I'm brave enough to take my shower anyway.",I put on my favorite song and hop in the shower.,I go on with my bathroom routine.,I leave the bathroom immediately and don't take a shower.,"I want to run away, but decide to stay and face my fears.","I want to scream, but instead gently move the spider outside."
Romantic Relationships,Social Situations,,Spilled drink,"You’re on a date at a coffee shop with a person you really like. As you walk back to the table, you trip and fall and spill coffee everywhere.",https://drive.google.com/file/d/1ijt0ecisBDCbnP9iQ5cHp7WQlGPwmTpO/view?usp=sharing,80.jpeg,This has probably happened to a lot of people.,This will be a great icebreaker when I start talking to my date!,I look like a total klutz in front of my date.,"My date might think I'm a bit clumsy, but they probably don't really care. ","I wish I'd been a bit more careful, but I'm human and it happens.",I feel lucky I didn't hurt myself.,I'm confident that we'll have a great conversation.,I feel like a fool.,"I'm upset that the date started off this way, but it might help us feel more comfortable talking to each other.","I'm embarrassed that I tripped in front of my date, but this feeling will pass.",I laugh with my date about my spill.,I clean up and buy another coffee.,I end the date early because I'm so embarrassed.,"I feel the urge to avoid talking to my date after this, but I decide to ask them if they want to hang out again.","I feel like crying, but take a deep breath. "
Romantic Relationships,Family & Home Life,,Clashing viewpoints,"You and your partner both have strong opinions and you don’t always agree with each other. Over dinner one evening, you get into a heated argument about a topic that is a passion of yours.",https://drive.google.com/file/d/1CY5PLw_DW_F4ZZCed1eIaQEOb-3QH5ru/view?usp=sharing,107.jpeg,This is such an important issue to be discussing.,My partner is really smart and thoughtful.,Our relationship is going to end over this argument.,"I believe that I'm right, but I choose to accept that we might just disagree on this point.","Even when my partner and I are mad at each other, I know we still care about each other deeply.",I'm grateful to have a partner who cares so much about important issues.,I feel respected as we discuss our differences in opinion.,I'm furious that we don't see eye to eye on this.,"I'm upset that we got into a fight, but hopeful that we can move forward from this. ","I'm disappointed that we disagree on this point, but I know it's normal for couples to have disagreements. ",I try to see things from my partner's perspective to understand where they are coming from.,I explain my views calmly and clearly.,I threaten to break up with my partner if they don't agree with me.,"I want to yell at my partner, but I take a few minutes to calm down before returning to the conversation.","I want to lock myself in my room, but decide that avoiding my partner won't be helpful in the long run."
Finances,Family & Home Life,,Managing bills,"Your rent is due soon, and you also need to buy textbooks for your classes. Your budget is tight this month, and you think about how you’ll afford all of this.",https://drive.google.com/file/d/1uK9xKfyrNjXoEwvNPCJiCLHI5qN7JAcc/view?usp=sharing,108.jpeg,I can figure out a way to handle this.,I have successfully dealt with financial challenges in the past and I can do it again now.,I'll never be able to afford all of this.,"This is a tough situation, but I won't have all of these expenses every month.","I think that there is no solution to this problem, but I take a step back and think through my options.",I am confident in my ability to come up with a solution.,I'm proud of myself for handling a tough financial situation.,I feel completely underwater.,"I'm anxious that I won't save money this month, but I am hopeful that I will be able to save in the future.","I'm really frustrated that this is all happening at once, and I recognize that it's okay to feel that way. ",I ask a friend for help with coming up with a plan.,I talk to my professor about affordable textbook options.,I sit and do nothing.,"I just want to be lazy and take a nap, but decide to start making a plan.","I want to avoid dealing with this situation, but decide to make a budget to help organize my finances. "
Finances,Family & Home Life,,Financial responsibilities,Your parent was in the hospital recently and your family has been dealing with the medical bills. You wonder what this will mean for your family’s finances moving forward.,https://drive.google.com/file/d/17vlVtB08gJECMAm112EAZx3aEOV-ajTK/view?usp=sharing,109.jpeg,My parent is so strong.,My family will get through this.,My family is going to run out of money paying these bills.,"I think about how challenging this situation is, but remind myself that it will not last forever. ","I try to imagine how this could have been avoided, but accept that my parent needed to be in the hospital. ",I am thrilled that my parent is out of the hospital.,I am confident that my parents have a plan for handling this situation.,I am terrified that my family will never recover from this.,"I'm scared about what this means for my family, but I trust my parents to figure it out. ","The uncertainty of this situation is uncomfortable, but I can tolerate it.",I ask my parents if there's anything I can do to help.,I learn about budgeting so I can be prepared for situations like this in the future,I avoid spending time at home.,"I want to avoid the situation, but I choose to spend quality time with my family. ","I want to bury my emotions, but I decide to share how I'm feeling with my family. "